{
  "summary": {
    "successRate": 1.0,
    "total": 10.000379071,
    "slowest": 0.002945824,
    "fastest": 0.000060183,
    "average": 0.0010231639800239289,
    "requestsPerSec": 97583.20090384502,
    "totalData": 1951738,
    "sizePerRequest": 2,
    "sizePerSec": 195166.40180769004
  },
  "responseTimeHistogram": {
    "0.000060183": 1,
    "0.0003487471": 2871,
    "0.0006373112": 15115,
    "0.0009258752999999999": 265485,
    "0.0012144394": 564901,
    "0.0015030034999999999": 97979,
    "0.0017915675999999998": 22487,
    "0.0020801317": 5453,
    "0.0023686958": 1386,
    "0.0026572599": 179,
    "0.0029458239999999997": 12
  },
  "latencyPercentiles": {
    "p10": 0.000874093,
    "p25": 0.00091521,
    "p50": 0.000980402,
    "p75": 0.00108658,
    "p90": 0.001273459,
    "p95": 0.001411247,
    "p99": 0.001720846,
    "p99.9": 0.002155457,
    "p99.99": 0.002444116
  },
  "rps": {
    "mean": 97585.73888076328,
    "stddev": 7089.590088847217,
    "max": 111235.4625462959,
    "percentiles": {
      "p10": 88509.20495731653,
      "p25": 92455.75081774293,
      "p50": 97713.68987815698,
      "p75": 103162.78487086504,
      "p90": 107327.41142087607,
      "p95": 108319.13999204476,
      "p99": 109848.48826530547,
      "p99.9": 111110.52961478027,
      "p99.99": 111235.4625462959
    }
  },
  "details": {
    "DNSDialup": {
      "average": 0.0005324035200000001,
      "fastest": 0.000131846,
      "slowest": 0.001247099
    },
    "DNSLookup": {
      "average": 0.000017710800000000003,
      "fastest": 1.744e-6,
      "slowest": 0.000317564
    }
  },
  "statusCodeDistribution": {
    "200": 975869
  },
  "errorDistribution": {}
}