{
  "summary": {
    "successRate": 1.0,
    "total": 10.00049213,
    "slowest": 0.004271572,
    "fastest": 0.00007484,
    "average": 0.001032416880235234,
    "requestsPerSec": 96703.14094832451,
    "totalData": 1934158,
    "sizePerRequest": 2,
    "sizePerSec": 193406.28189664902
  },
  "responseTimeHistogram": {
    "0.00007484": 1,
    "0.0004945132000000001": 6422,
    "0.0009141864000000001": 194193,
    "0.0013338596000000004": 688012,
    "0.0017535328000000004": 65966,
    "0.0021732060000000004": 10772,
    "0.0025928792000000007": 1543,
    "0.0030125524000000005": 125,
    "0.0034322256000000008": 30,
    "0.003851898800000001": 11,
    "0.004271572": 4
  },
  "latencyPercentiles": {
    "p10": 0.000888571,
    "p25": 0.000923236,
    "p50": 0.000982717,
    "p75": 0.001083676,
    "p90": 0.001288297,
    "p95": 0.001435002,
    "p99": 0.001813861,
    "p99.9": 0.002273348,
    "p99.99": 0.002692732
  },
  "rps": {
    "mean": 96702.57657316701,
    "stddev": 7215.445840773796,
    "max": 109934.62594293016,
    "percentiles": {
      "p10": 87812.4432899369,
      "p25": 91699.70577987019,
      "p50": 96536.2783333919,
      "p75": 102121.63458353696,
      "p90": 106326.13496397506,
      "p95": 107503.03158549081,
      "p99": 109055.35688039438,
      "p99.9": 109807.39003734887,
      "p99.99": 109934.62594293016
    }
  },
  "details": {
    "DNSDialup": {
      "average": 0.0008273920600000002,
      "fastest": 0.000092283,
      "slowest": 0.002101116
    },
    "DNSLookup": {
      "average": 0.00008328387,
      "fastest": 1.663e-6,
      "slowest": 0.001972326
    }
  },
  "statusCodeDistribution": {
    "200": 967079
  },
  "errorDistribution": {}
}