{
  "summary": {
    "successRate": 1.0,
    "total": 10.000130149,
    "slowest": 0.003815371,
    "fastest": 0.000060002,
    "average": 0.0010332588272757967,
    "requestsPerSec": 96630.84235924977,
    "totalData": 7730568,
    "sizePerRequest": 8,
    "sizePerSec": 773046.7388739982
  },
  "responseTimeHistogram": {
    "0.000060002": 1,
    "0.00043553890000000005": 4136,
    "0.0008110758": 38349,
    "0.0011866127": 781409,
    "0.0015621496": 117817,
    "0.0019376865": 19372,
    "0.0023132234000000002": 4481,
    "0.0026887603": 671,
    "0.0030642972": 80,
    "0.0034398341": 4,
    "0.003815371": 1
  },
  "latencyPercentiles": {
    "p10": 0.000896666,
    "p25": 0.000927243,
    "p50": 0.000985161,
    "p75": 0.001082443,
    "p90": 0.001276847,
    "p95": 0.001424302,
    "p99": 0.00178105,
    "p99.9": 0.002271646,
    "p99.99": 0.002626199
  },
  "rps": {
    "mean": 96634.68057832289,
    "stddev": 7310.854209248385,
    "max": 110642.08825037153,
    "percentiles": {
      "p10": 87118.45168807177,
      "p25": 91120.43906963588,
      "p50": 96474.10175756026,
      "p75": 103856.55685239253,
      "p90": 105919.80366319974,
      "p95": 106877.67869687981,
      "p99": 108155.366086351,
      "p99.9": 109619.5890205649,
      "p99.99": 110642.08825037153
    }
  },
  "details": {
    "DNSDialup": {
      "average": 0.00080768055,
      "fastest": 0.000181749,
      "slowest": 0.001765159
    },
    "DNSLookup": {
      "average": 0.00002521401999999999,
      "fastest": 3.697e-6,
      "slowest": 0.000950486
    }
  },
  "statusCodeDistribution": {
    "200": 966321
  },
  "errorDistribution": {}
}