{
  "summary": {
    "successRate": 1.0,
    "total": 10.001072863,
    "slowest": 0.008649803,
    "fastest": 0.00139058,
    "average": 0.0030015511357850354,
    "requestsPerSec": 33285.82888657633,
    "totalData": 41278856,
    "sizePerRequest": 124,
    "sizePerSec": 4127442.7819354646
  },
  "responseTimeHistogram": {
    "0.00139058": 1,
    "0.0021165023": 21,
    "0.0028424246": 194854,
    "0.0035683469": 88698,
    "0.0042942692": 32065,
    "0.0050201915": 16742,
    "0.005746113799999999": 370,
    "0.006472036099999999": 74,
    "0.007197958399999999": 45,
    "0.0079238807": 12,
    "0.008649803": 12
  },
  "latencyPercentiles": {
    "p10": 0.002564446,
    "p25": 0.00266254,
    "p50": 0.002789557,
    "p75": 0.003128301,
    "p90": 0.003931383,
    "p95": 0.004304749,
    "p99": 0.004556088,
    "p99.9": 0.005219329,
    "p99.99": 0.006953601
  },
  "rps": {
    "mean": 33287.09028457102,
    "stddev": 2888.8111649115717,
    "max": 40131.762227332474,
    "percentiles": {
      "p10": 29434.29425270521,
      "p25": 31174.9599482734,
      "p50": 33692.870292558466,
      "p75": 35381.3470945331,
      "p90": 36663.24846683484,
      "p95": 37542.21742806174,
      "p99": 38548.60487177885,
      "p99.9": 39788.92129893791,
      "p99.99": 40131.762227332474
    }
  },
  "details": {
    "DNSDialup": {
      "average": 0.0005362677699999998,
      "fastest": 0.000156112,
      "slowest": 0.001111799
    },
    "DNSLookup": {
      "average": 0.000014200880000000005,
      "fastest": 1.934e-6,
      "slowest": 0.000284481
    }
  },
  "statusCodeDistribution": {
    "200": 332894
  },
  "errorDistribution": {}
}