{
  "summary": {
    "successRate": 1.0,
    "total": 10.000906218,
    "slowest": 0.004861546,
    "fastest": 0.000018484,
    "average": 0.0006341693157468152,
    "requestsPerSec": 157271.24779643642,
    "totalData": 3145710,
    "sizePerRequest": 2,
    "sizePerSec": 314542.49559287285
  },
  "responseTimeHistogram": {
    "0.000018484": 1,
    "0.0005027902": 46621,
    "0.0009870964": 1442776,
    "0.0014714026": 80232,
    "0.0019557088": 2693,
    "0.002440015": 473,
    "0.0029243211999999998": 41,
    "0.0034086273999999997": 16,
    "0.0038929335999999997": 1,
    "0.004377239799999999": 0,
    "0.004861546": 1
  },
  "latencyPercentiles": {
    "p10": 0.000562475,
    "p25": 0.000581279,
    "p50": 0.000607348,
    "p75": 0.000634538,
    "p90": 0.000701513,
    "p95": 0.001002913,
    "p99": 0.001167868,
    "p99.9": 0.001650584,
    "p99.99": 0.002138531
  },
  "rps": {
    "mean": 157277.3239963261,
    "stddev": 8468.195524828217,
    "max": 175185.39870745013,
    "percentiles": {
      "p10": 148141.0555772668,
      "p25": 152904.38782557158,
      "p50": 158322.15765162272,
      "p75": 162357.51926519096,
      "p90": 167250.27543278426,
      "p95": 168792.0254122549,
      "p99": 170673.4749309469,
      "p99.9": 172939.637764972,
      "p99.99": 175185.39870745013
    }
  },
  "details": {
    "DNSDialup": {
      "average": 0.0007367340599999996,
      "fastest": 0.000172911,
      "slowest": 0.001496809
    },
    "DNSLookup": {
      "average": 0.000033683020000000004,
      "fastest": 1.733e-6,
      "slowest": 0.001101475
    }
  },
  "statusCodeDistribution": {
    "200": 1572855
  },
  "errorDistribution": {}
}