{
  "summary": {
    "successRate": 1.0,
    "total": 10.000659305,
    "slowest": 0.004223666,
    "fastest": 0.00002655,
    "average": 0.0006571263033182307,
    "requestsPerSec": 151781.39297687035,
    "totalData": 3035828,
    "sizePerRequest": 2,
    "sizePerSec": 303562.7859537407
  },
  "responseTimeHistogram": {
    "0.00002655": 1,
    "0.00044626160000000003": 28093,
    "0.0008659732": 1386198,
    "0.0012856848": 94562,
    "0.0017053964": 6931,
    "0.002125108": 1688,
    "0.0025448196000000005": 361,
    "0.0029645312000000004": 78,
    "0.0033842428000000003": 0,
    "0.0038039544": 1,
    "0.004223666": 1
  },
  "latencyPercentiles": {
    "p10": 0.000583374,
    "p25": 0.000601648,
    "p50": 0.000630772,
    "p75": 0.000657091,
    "p90": 0.000714307,
    "p95": 0.001031747,
    "p99": 0.001220908,
    "p99.9": 0.001784877,
    "p99.99": 0.002454603
  },
  "rps": {
    "mean": 151789.387845177,
    "stddev": 7811.473644977529,
    "max": 166323.28525994613,
    "percentiles": {
      "p10": 142390.89147527915,
      "p25": 147605.34331343402,
      "p50": 152605.12967383233,
      "p75": 156838.14303638364,
      "p90": 161238.53601010478,
      "p95": 162800.78144374676,
      "p99": 164376.0239110602,
      "p99.9": 166259.13837552167,
      "p99.99": 166323.28525994613
    }
  },
  "details": {
    "DNSDialup": {
      "average": 0.0005934643,
      "fastest": 0.00015582,
      "slowest": 0.001201893
    },
    "DNSLookup": {
      "average": 0.000023903559999999993,
      "fastest": 1.603e-6,
      "slowest": 0.000785639
    }
  },
  "statusCodeDistribution": {
    "200": 1517914
  },
  "errorDistribution": {}
}