{
  "summary": {
    "successRate": 1.0,
    "total": 10.000737789,
    "slowest": 0.006126457,
    "fastest": 0.000041257,
    "average": 0.0006745239567938886,
    "requestsPerSec": 147873.29007131915,
    "totalData": 11830736,
    "sizePerRequest": 8,
    "sizePerSec": 1182986.3205705532
  },
  "responseTimeHistogram": {
    "0.000041257": 1,
    "0.000649777": 789045,
    "0.001258297": 674760,
    "0.001866817": 14324,
    "0.0024753369999999998": 575,
    "0.0030838569999999997": 77,
    "0.0036923769999999997": 34,
    "0.004300897000000001": 23,
    "0.004909417": 0,
    "0.005517937": 0,
    "0.006126457": 3
  },
  "latencyPercentiles": {
    "p10": 0.000595356,
    "p25": 0.000615334,
    "p50": 0.000646833,
    "p75": 0.000675175,
    "p90": 0.000742841,
    "p95": 0.00106518,
    "p99": 0.001260213,
    "p99.9": 0.001750285,
    "p99.99": 0.002466484
  },
  "rps": {
    "mean": 147881.04136602307,
    "stddev": 8598.236360914629,
    "max": 164408.48640161418,
    "percentiles": {
      "p10": 138941.12657346556,
      "p25": 143610.01963604213,
      "p50": 149019.84944394362,
      "p75": 152643.67135437127,
      "p90": 157737.60464495193,
      "p95": 158660.36528767258,
      "p99": 160873.76061923488,
      "p99.9": 162429.0574568248,
      "p99.99": 164408.48640161418
    }
  },
  "details": {
    "DNSDialup": {
      "average": 0.0007820574600000003,
      "fastest": 0.000103863,
      "slowest": 0.001654786
    },
    "DNSLookup": {
      "average": 0.000053146259999999994,
      "fastest": 1.723e-6,
      "slowest": 0.001610313
    }
  },
  "statusCodeDistribution": {
    "200": 1478842
  },
  "errorDistribution": {}
}