{
  "summary": {
    "successRate": 1.0,
    "total": 10.000993383,
    "slowest": 0.010325566,
    "fastest": 0.000039393,
    "average": 0.0010362015654957638,
    "requestsPerSec": 96277.63594331736,
    "totalData": 100138688,
    "sizePerRequest": 104,
    "sizePerSec": 10012874.138105005
  },
  "responseTimeHistogram": {
    "0.000039393": 1,
    "0.0010680103": 866095,
    "0.0020966276": 92392,
    "0.0031252449": 3929,
    "0.0041538622": 349,
    "0.0051824795": 47,
    "0.0062110968": 36,
    "0.007239714100000001": 20,
    "0.0082683314": 1,
    "0.0092969487": 0,
    "0.010325566": 2
  },
  "latencyPercentiles": {
    "p10": 0.000932574,
    "p25": 0.000951931,
    "p50": 0.000983149,
    "p75": 0.001016581,
    "p90": 0.001068668,
    "p95": 0.001607631,
    "p99": 0.001944586,
    "p99.9": 0.00267732,
    "p99.99": 0.004257898
  },
  "rps": {
    "mean": 96287.63787128979,
    "stddev": 6611.539745834424,
    "max": 106144.80723043781,
    "percentiles": {
      "p10": 91768.11000070041,
      "p25": 94319.0996176716,
      "p50": 95639.31779422885,
      "p75": 101082.09888070969,
      "p90": 102056.6978538901,
      "p95": 102617.4756738499,
      "p99": 103519.01155829133,
      "p99.9": 105834.59607549653,
      "p99.99": 106144.80723043781
    }
  },
  "details": {
    "DNSDialup": {
      "average": 0.0007222942300000002,
      "fastest": 0.000141764,
      "slowest": 0.001454254
    },
    "DNSLookup": {
      "average": 0.00003872908000000001,
      "fastest": 1.633e-6,
      "slowest": 0.000936812
    }
  },
  "statusCodeDistribution": {
    "200": 962872
  },
  "errorDistribution": {}
}