{
  "summary": {
    "successRate": 1.0,
    "total": 10.000397971,
    "slowest": 0.002979937,
    "fastest": 0.000022562,
    "average": 0.0006523342950012784,
    "requestsPerSec": 152893.91526556478,
    "totalData": 3058000,
    "sizePerRequest": 2,
    "sizePerSec": 305787.83053112956
  },
  "responseTimeHistogram": {
    "0.000022562": 1,
    "0.00031829950000000003": 13828,
    "0.000614037": 622550,
    "0.0009097745": 798315,
    "0.0012055120000000002": 72720,
    "0.0015012495000000002": 17105,
    "0.001796987": 2864,
    "0.0020927245": 1168,
    "0.002388462": 263,
    "0.0026841995": 180,
    "0.002979937": 6
  },
  "latencyPercentiles": {
    "p10": 0.000576466,
    "p25": 0.00059498,
    "p50": 0.000623393,
    "p75": 0.000650303,
    "p90": 0.000706338,
    "p95": 0.001066009,
    "p99": 0.001233821,
    "p99.9": 0.001807922,
    "p99.99": 0.002423871
  },
  "rps": {
    "mean": 152902.19527539745,
    "stddev": 8282.54058209719,
    "max": 168350.90931497607,
    "percentiles": {
      "p10": 143515.67191137312,
      "p25": 148526.27704074353,
      "p50": 153414.7235302678,
      "p75": 158431.19510232503,
      "p90": 162930.27244461045,
      "p95": 164246.629618159,
      "p99": 166728.69400823236,
      "p99.9": 168135.66157381723,
      "p99.99": 168350.90931497607
    }
  },
  "details": {
    "DNSDialup": {
      "average": 0.00047807242000000007,
      "fastest": 0.000114052,
      "slowest": 0.000892645
    },
    "DNSLookup": {
      "average": 0.000018923320000000014,
      "fastest": 1.703e-6,
      "slowest": 0.000324936
    }
  },
  "statusCodeDistribution": {
    "200": 1529000
  },
  "errorDistribution": {}
}