{
  "summary": {
    "successRate": 1.0,
    "total": 10.000665962,
    "slowest": 0.004202591,
    "fastest": 0.000028413,
    "average": 0.000690915811521005,
    "requestsPerSec": 144368.78558748128,
    "totalData": 2887568,
    "sizePerRequest": 2,
    "sizePerSec": 288737.57117496256
  },
  "responseTimeHistogram": {
    "0.000028413": 1,
    "0.0004458308000000001": 20548,
    "0.0008632486000000001": 1321843,
    "0.0012806664": 85387,
    "0.0016980842000000002": 13191,
    "0.0021155020000000004": 2453,
    "0.0025329198000000005": 282,
    "0.0029503376000000006": 12,
    "0.0033677554000000006": 42,
    "0.0037851732000000007": 24,
    "0.004202591": 1
  },
  "latencyPercentiles": {
    "p10": 0.000610349,
    "p25": 0.000631108,
    "p50": 0.000662356,
    "p75": 0.000690689,
    "p90": 0.000735262,
    "p95": 0.001122625,
    "p99": 0.001291159,
    "p99.9": 0.001866062,
    "p99.99": 0.002330829
  },
  "rps": {
    "mean": 144376.92421563444,
    "stddev": 7698.211931310537,
    "max": 158708.55439108805,
    "percentiles": {
      "p10": 136204.91864883315,
      "p25": 139776.30388428777,
      "p50": 145266.92447209675,
      "p75": 149072.0292260486,
      "p90": 153907.387554602,
      "p95": 155467.79950736515,
      "p99": 156965.61441976932,
      "p99.9": 157927.71631421638,
      "p99.99": 158708.55439108805
    }
  },
  "details": {
    "DNSDialup": {
      "average": 0.0007260081299999997,
      "fastest": 0.000162433,
      "slowest": 0.001455996
    },
    "DNSLookup": {
      "average": 0.000020093680000000002,
      "fastest": 1.673e-6,
      "slowest": 0.000780436
    }
  },
  "statusCodeDistribution": {
    "200": 1443784
  },
  "errorDistribution": {}
}