{
  "summary": {
    "successRate": 1.0,
    "total": 10.000937814,
    "slowest": 0.00617263,
    "fastest": 0.000034734,
    "average": 0.0007192849461416334,
    "requestsPerSec": 138674.7948835911,
    "totalData": 11095024,
    "sizePerRequest": 8,
    "sizePerSec": 1109398.3590687288
  },
  "responseTimeHistogram": {
    "0.000034734": 1,
    "0.0006485236": 240167,
    "0.0012623132": 1119609,
    "0.0018761028": 25098,
    "0.0024898923999999998": 1749,
    "0.003103682": 159,
    "0.0037174715999999997": 13,
    "0.0043312611999999995": 26,
    "0.0049450508": 31,
    "0.0055588404": 22,
    "0.00617263": 3
  },
  "latencyPercentiles": {
    "p10": 0.000638071,
    "p25": 0.000658269,
    "p50": 0.000687273,
    "p75": 0.000715275,
    "p90": 0.000760169,
    "p95": 0.001170465,
    "p99": 0.001343368,
    "p99.9": 0.00196659,
    "p99.99": 0.002626381
  },
  "rps": {
    "mean": 138668.78120764784,
    "stddev": 9068.024464591275,
    "max": 152669.55336340523,
    "percentiles": {
      "p10": 131615.21471882067,
      "p25": 134891.63188552856,
      "p50": 139719.7538009852,
      "p75": 143850.1029908716,
      "p90": 147887.60861934748,
      "p95": 148729.38892725625,
      "p99": 150322.76860512057,
      "p99.9": 152142.92306192417,
      "p99.99": 152669.55336340523
    }
  },
  "details": {
    "DNSDialup": {
      "average": 0.0007003297400000002,
      "fastest": 0.000205393,
      "slowest": 0.001487657
    },
    "DNSLookup": {
      "average": 0.000030336890000000007,
      "fastest": 1.783e-6,
      "slowest": 0.000988866
    }
  },
  "statusCodeDistribution": {
    "200": 1386878
  },
  "errorDistribution": {}
}