{
  "summary": {
    "successRate": 1.0,
    "total": 10.000203011,
    "slowest": 0.010615351,
    "fastest": 0.001092871,
    "average": 0.0030581929758542177,
    "requestsPerSec": 32663.436896301224,
    "totalData": 28744408,
    "sizePerRequest": 88,
    "sizePerSec": 2874382.4468745077
  },
  "responseTimeHistogram": {
    "0.001092871": 1,
    "0.0020451189999999998": 7269,
    "0.002997367": 230335,
    "0.003949615": 39126,
    "0.004901862999999999": 39326,
    "0.005854111": 6800,
    "0.006806359": 2043,
    "0.007758606999999999": 1504,
    "0.008710855": 80,
    "0.009663103": 114,
    "0.010615351": 43
  },
  "latencyPercentiles": {
    "p10": 0.002452128,
    "p25": 0.002663734,
    "p50": 0.002826788,
    "p75": 0.003032512,
    "p90": 0.004155621,
    "p95": 0.004450011,
    "p99": 0.006014913,
    "p99.9": 0.007663433,
    "p99.99": 0.009755884
  },
  "rps": {
    "mean": 32788.48409468312,
    "stddev": 4043.323766323109,
    "max": 43599.18402534773,
    "percentiles": {
      "p10": 28230.25722988344,
      "p25": 30061.085954698952,
      "p50": 33108.90629579308,
      "p75": 35452.417765063445,
      "p90": 37743.9643509307,
      "p95": 39329.508930550415,
      "p99": 41754.139859527495,
      "p99.9": 42822.60360714148,
      "p99.99": 43599.18402534773
    }
  },
  "details": {
    "DNSDialup": {
      "average": 0.0006957168600000001,
      "fastest": 0.000205594,
      "slowest": 0.001987701
    },
    "DNSLookup": {
      "average": 0.00002726694,
      "fastest": 1.653e-6,
      "slowest": 0.000909659
    }
  },
  "statusCodeDistribution": {
    "200": 326641
  },
  "errorDistribution": {}
}