{
  "summary": {
    "successRate": 1.0,
    "total": 10.000631974,
    "slowest": 0.008664809,
    "fastest": 0.000065973,
    "average": 0.0010596965533662417,
    "requestsPerSec": 94222.04541170731,
    "totalData": 1884560,
    "sizePerRequest": 2,
    "sizePerSec": 188444.09082341462
  },
  "responseTimeHistogram": {
    "0.000065973": 1,
    "0.0009258566000000001": 129445,
    "0.0017857402000000001": 803335,
    "0.0026456238000000004": 9076,
    "0.0035055074000000003": 126,
    "0.004365391000000001": 169,
    "0.005225274600000001": 27,
    "0.006085158200000001": 1,
    "0.006945041800000001": 0,
    "0.007804925400000001": 1,
    "0.008664809": 99
  },
  "latencyPercentiles": {
    "p10": 0.000916525,
    "p25": 0.000948264,
    "p50": 0.00101593,
    "p75": 0.001116018,
    "p90": 0.001290584,
    "p95": 0.001435766,
    "p99": 0.001787565,
    "p99.9": 0.002357572,
    "p99.99": 0.00864381
  },
  "rps": {
    "mean": 94197.89240206427,
    "stddev": 7688.3665627534665,
    "max": 106506.93296069291,
    "percentiles": {
      "p10": 85481.30982190243,
      "p25": 89356.59603645776,
      "p50": 94286.13921303563,
      "p75": 101123.28183309357,
      "p90": 103021.45936997108,
      "p95": 103691.1959856901,
      "p99": 104752.90781954474,
      "p99.9": 105997.67326583601,
      "p99.99": 106506.93296069291
    }
  },
  "details": {
    "DNSDialup": {
      "average": 0.00052820557,
      "fastest": 0.000064281,
      "slowest": 0.001327323
    },
    "DNSLookup": {
      "average": 0.00002181995999999999,
      "fastest": 1.784e-6,
      "slowest": 0.000915332
    }
  },
  "statusCodeDistribution": {
    "200": 942280
  },
  "errorDistribution": {}
}