{
  "summary": {
    "successRate": 1.0,
    "total": 10.001117303,
    "slowest": 0.00451623,
    "fastest": 0.000055223,
    "average": 0.0011211602432405073,
    "requestsPerSec": 89049.2505005268,
    "totalData": 1781184,
    "sizePerRequest": 2,
    "sizePerSec": 178098.5010010536
  },
  "responseTimeHistogram": {
    "0.000055223": 1,
    "0.0005013237": 4772,
    "0.0009474244": 70817,
    "0.0013935251": 734951,
    "0.0018396258000000002": 71575,
    "0.0022857265000000002": 7676,
    "0.0027318272": 690,
    "0.0031779279000000004": 49,
    "0.0036240286000000003": 0,
    "0.0040701293": 18,
    "0.00451623": 43
  },
  "latencyPercentiles": {
    "p10": 0.000954887,
    "p25": 0.001006013,
    "p50": 0.001085151,
    "p75": 0.001193544,
    "p90": 0.001371477,
    "p95": 0.001513542,
    "p99": 0.001828893,
    "p99.9": 0.002267533,
    "p99.99": 0.002913631
  },
  "rps": {
    "mean": 89039.74112315224,
    "stddev": 6456.64944641852,
    "max": 105919.79640994291,
    "percentiles": {
      "p10": 81205.84369667436,
      "p25": 84971.21437475987,
      "p50": 88516.57030196156,
      "p75": 92882.73749775323,
      "p90": 98527.49902497999,
      "p95": 99675.2647924463,
      "p99": 100717.6155109544,
      "p99.9": 102734.65167424618,
      "p99.99": 105919.79640994291
    }
  },
  "details": {
    "DNSDialup": {
      "average": 0.0004765046,
      "fastest": 0.000111279,
      "slowest": 0.001353673
    },
    "DNSLookup": {
      "average": 0.000025998700000000012,
      "fastest": 1.763e-6,
      "slowest": 0.001234891
    }
  },
  "statusCodeDistribution": {
    "200": 890592
  },
  "errorDistribution": {}
}