{
  "summary": {
    "successRate": 1.0,
    "total": 10.000522386,
    "slowest": 0.00329696,
    "fastest": 0.000060323,
    "average": 0.001103531208656206,
    "requestsPerSec": 90478.07355210694,
    "totalData": 7238624,
    "sizePerRequest": 8,
    "sizePerSec": 723824.5884168555
  },
  "responseTimeHistogram": {
    "0.000060323": 1,
    "0.0003839867": 2434,
    "0.0007076504": 16057,
    "0.0010313141": 331326,
    "0.0013549777999999999": 464419,
    "0.0016786414999999998": 72798,
    "0.0020023052": 13851,
    "0.0023259689": 3282,
    "0.0026496326": 609,
    "0.0029732963": 49,
    "0.00329696": 2
  },
  "latencyPercentiles": {
    "p10": 0.000944668,
    "p25": 0.00098861,
    "p50": 0.001066085,
    "p75": 0.001171112,
    "p90": 0.001355247,
    "p95": 0.00149612,
    "p99": 0.001829765,
    "p99.9": 0.002270851,
    "p99.99": 0.002592823
  },
  "rps": {
    "mean": 90478.5655414843,
    "stddev": 6418.398505426803,
    "max": 104480.71273963785,
    "percentiles": {
      "p10": 82427.34114906093,
      "p25": 86031.23794249688,
      "p50": 89976.64234576753,
      "p75": 95404.90381205697,
      "p90": 99956.1853717964,
      "p95": 100642.88393284095,
      "p99": 101530.40835729621,
      "p99.9": 104175.360455755,
      "p99.99": 104480.71273963785
    }
  },
  "details": {
    "DNSDialup": {
      "average": 0.0005844895300000002,
      "fastest": 0.000135053,
      "slowest": 0.001237526
    },
    "DNSLookup": {
      "average": 0.00002958568,
      "fastest": 1.723e-6,
      "slowest": 0.000921164
    }
  },
  "statusCodeDistribution": {
    "200": 904828
  },
  "errorDistribution": {}
}