{
  "summary": {
    "successRate": 1.0,
    "total": 10.001257223,
    "slowest": 0.012122144,
    "fastest": 0.003053296,
    "average": 0.0040537009694012515,
    "requestsPerSec": 24648.201171457862,
    "totalData": 30567612,
    "sizePerRequest": 124,
    "sizePerSec": 3056376.945260775
  },
  "responseTimeHistogram": {
    "0.003053296": 1,
    "0.0039601808": 189177,
    "0.0048670656": 25283,
    "0.0057739504": 7330,
    "0.0066808352": 22479,
    "0.007587719999999999": 1965,
    "0.0084946048": 143,
    "0.0094014896": 88,
    "0.010308374399999999": 13,
    "0.0112152592": 22,
    "0.012122144": 12
  },
  "latencyPercentiles": {
    "p10": 0.003486257,
    "p25": 0.003617692,
    "p50": 0.003740753,
    "p75": 0.003918185,
    "p90": 0.005793987,
    "p95": 0.006428775,
    "p99": 0.006666361,
    "p99.9": 0.008104874,
    "p99.99": 0.010499386
  },
  "rps": {
    "mean": 24664.69502974426,
    "stddev": 3409.647087967488,
    "max": 29839.221035037677,
    "percentiles": {
      "p10": 19138.88330245122,
      "p25": 21492.249010636824,
      "p50": 26187.98454189934,
      "p75": 27027.190895513362,
      "p90": 28207.79381343224,
      "p95": 28770.166906200666,
      "p99": 29242.43548120227,
      "p99.9": 29563.283163941698,
      "p99.99": 29839.221035037677
    }
  },
  "details": {
    "DNSDialup": {
      "average": 0.00055178898,
      "fastest": 0.000107642,
      "slowest": 0.001227789
    },
    "DNSLookup": {
      "average": 0.000029273000000000002,
      "fastest": 1.673e-6,
      "slowest": 0.001166454
    }
  },
  "statusCodeDistribution": {
    "200": 246513
  },
  "errorDistribution": {}
}