{
  "summary": {
    "successRate": 1.0,
    "total": 10.000872505,
    "slowest": 0.004965642,
    "fastest": 0.000035016,
    "average": 0.0007727850895618843,
    "requestsPerSec": 129083.8373706475,
    "totalData": 2581902,
    "sizePerRequest": 2,
    "sizePerSec": 258167.674741295
  },
  "responseTimeHistogram": {
    "0.000035016": 1,
    "0.0005280786000000001": 21377,
    "0.0010211412": 1171772,
    "0.0015142038": 38085,
    "0.0020072664000000003": 55659,
    "0.0025003290000000004": 3431,
    "0.0029933916000000004": 608,
    "0.0034864542000000004": 14,
    "0.0039795168": 3,
    "0.0044725794": 0,
    "0.004965642": 1
  },
  "latencyPercentiles": {
    "p10": 0.000653396,
    "p25": 0.000674255,
    "p50": 0.000704252,
    "p75": 0.000748253,
    "p90": 0.000905255,
    "p95": 0.001410395,
    "p99": 0.001848391,
    "p99.9": 0.002338062,
    "p99.99": 0.002720433
  },
  "rps": {
    "mean": 129101.14815184145,
    "stddev": 10150.415429576773,
    "max": 146325.76796773638,
    "percentiles": {
      "p10": 119377.63127361768,
      "p25": 122981.53675887111,
      "p50": 126326.2126891503,
      "p75": 138517.97575995058,
      "p90": 142063.85770403774,
      "p95": 143009.78186907934,
      "p99": 144202.65787214466,
      "p99.9": 145429.95384301973,
      "p99.99": 146325.76796773638
    }
  },
  "details": {
    "DNSDialup": {
      "average": 0.00077901981,
      "fastest": 0.000194051,
      "slowest": 0.00145625
    },
    "DNSLookup": {
      "average": 0.00003779156,
      "fastest": 1.553e-6,
      "slowest": 0.000893794
    }
  },
  "statusCodeDistribution": {
    "200": 1290951
  },
  "errorDistribution": {}
}