{
  "summary": {
    "successRate": 1.0,
    "total": 10.000110711,
    "slowest": 0.004949409,
    "fastest": 0.000050363,
    "average": 0.0008313966103772987,
    "requestsPerSec": 119987.57160559601,
    "totalData": 2399778,
    "sizePerRequest": 2,
    "sizePerSec": 239975.14321119201
  },
  "responseTimeHistogram": {
    "0.000050363": 1,
    "0.0005402676": 14717,
    "0.0010301722": 1095397,
    "0.0015200768": 32244,
    "0.0020099814": 46377,
    "0.0024998859999999998": 9963,
    "0.0029897905999999998": 1061,
    "0.0034796951999999997": 23,
    "0.0039695998": 104,
    "0.0044595044000000006": 1,
    "0.004949409": 1
  },
  "latencyPercentiles": {
    "p10": 0.000715002,
    "p25": 0.000735189,
    "p50": 0.000765205,
    "p75": 0.000807613,
    "p90": 0.000922989,
    "p95": 0.001496877,
    "p99": 0.001999283,
    "p99.9": 0.002497501,
    "p99.99": 0.003041215
  },
  "rps": {
    "mean": 120018.95146885762,
    "stddev": 7922.270043867029,
    "max": 135338.60535222891,
    "percentiles": {
      "p10": 111413.32503367063,
      "p25": 114454.70935108539,
      "p50": 117649.24983834529,
      "p75": 128118.66350614012,
      "p90": 130242.185443865,
      "p95": 130995.11555340514,
      "p99": 132039.34772562046,
      "p99.9": 133408.11121316033,
      "p99.99": 135338.60535222891
    }
  },
  "details": {
    "DNSDialup": {
      "average": 0.0007584521800000001,
      "fastest": 0.000195474,
      "slowest": 0.001570995
    },
    "DNSLookup": {
      "average": 0.000035159019999999995,
      "fastest": 2.044e-6,
      "slowest": 0.00103162
    }
  },
  "statusCodeDistribution": {
    "200": 1199889
  },
  "errorDistribution": {}
}