{
  "summary": {
    "successRate": 1.0,
    "total": 10.000954949,
    "slowest": 0.00377852,
    "fastest": 0.000046476,
    "average": 0.0008388693633183935,
    "requestsPerSec": 118921.24362773189,
    "totalData": 9514608,
    "sizePerRequest": 8,
    "sizePerSec": 951369.9490218551
  },
  "responseTimeHistogram": {
    "0.000046476": 1,
    "0.0004196804": 7058,
    "0.0007928848": 756616,
    "0.0011660892": 348741,
    "0.0015392936": 20274,
    "0.0019124979999999999": 37096,
    "0.0022857024000000003": 17518,
    "0.0026589068": 1501,
    "0.0030321112": 489,
    "0.0034053156": 26,
    "0.00377852": 6
  },
  "latencyPercentiles": {
    "p10": 0.000726374,
    "p25": 0.000747112,
    "p50": 0.000774162,
    "p75": 0.000812544,
    "p90": 0.00090116,
    "p95": 0.001520203,
    "p99": 0.002010065,
    "p99.9": 0.002424319,
    "p99.99": 0.002876461
  },
  "rps": {
    "mean": 118939.05570969329,
    "stddev": 7513.648737237521,
    "max": 133300.69534526323,
    "percentiles": {
      "p10": 110498.11127299325,
      "p25": 113135.60377450784,
      "p50": 116888.391001272,
      "p75": 126708.10931900048,
      "p90": 128611.98663715529,
      "p95": 129328.89049769504,
      "p99": 130640.02810461327,
      "p99.9": 132153.4428522891,
      "p99.99": 133300.69534526323
    }
  },
  "details": {
    "DNSDialup": {
      "average": 0.0005164481800000001,
      "fastest": 0.000084898,
      "slowest": 0.001410297
    },
    "DNSLookup": {
      "average": 0.000011902049999999996,
      "fastest": 1.643e-6,
      "slowest": 0.000206094
    }
  },
  "statusCodeDistribution": {
    "200": 1189326
  },
  "errorDistribution": {}
}