{
  "summary": {
    "successRate": 1.0,
    "total": 10.001253849,
    "slowest": 0.015995174,
    "fastest": 0.000401869,
    "average": 0.002841652461008319,
    "requestsPerSec": 35150.492658993004,
    "totalData": 36561096,
    "sizePerRequest": 104,
    "sizePerSec": 3655651.2365352726
  },
  "responseTimeHistogram": {
    "0.000401869": 1,
    "0.0019611995": 30109,
    "0.0035205300000000004": 259451,
    "0.005079860500000001": 39211,
    "0.006639191000000001": 15430,
    "0.0081985215": 5070,
    "0.009757852000000001": 1241,
    "0.011317182500000002": 509,
    "0.012876513000000003": 371,
    "0.014435843500000003": 135,
    "0.015995174": 21
  },
  "latencyPercentiles": {
    "p10": 0.002009987,
    "p25": 0.002260112,
    "p50": 0.002431001,
    "p75": 0.002713258,
    "p90": 0.004498426,
    "p95": 0.005381209,
    "p99": 0.007687952,
    "p99.9": 0.012363197,
    "p99.99": 0.013523306
  },
  "rps": {
    "mean": 35280.93747489355,
    "stddev": 8652.088283915175,
    "max": 53294.36299912734,
    "percentiles": {
      "p10": 23041.485325931364,
      "p25": 30074.183368266175,
      "p50": 36803.44112174498,
      "p75": 41893.95462810213,
      "p90": 44830.45828526072,
      "p95": 46384.621811156045,
      "p99": 48734.09919708919,
      "p99.9": 50844.180735486356,
      "p99.99": 53294.36299912734
    }
  },
  "details": {
    "DNSDialup": {
      "average": 0.0007229768400000002,
      "fastest": 0.000339522,
      "slowest": 0.002513234
    },
    "DNSLookup": {
      "average": 0.00005457484,
      "fastest": 1.763e-6,
      "slowest": 0.002401746
    }
  },
  "statusCodeDistribution": {
    "200": 351549
  },
  "errorDistribution": {}
}